
delimiter ;
USE bank;
 

--
-- Data for table department
--
INSERT INTO department 
 (dept_id, dept_name)
VALUES 
(234, 'Administration'),
(254, 'Credit Department'),
(334, 'Information Technology'),
(543, 'General Operations');

--
-- Data for table jobs
--
INSERT INTO jobs (job_id, job_title, min_salary, max_salary)
VALUES('AD_PRES','President',20100,40000);
INSERT INTO jobs (job_id, job_title, min_salary, max_salary)
VALUES('AD_VP','Administration Vice President',15000,30000);
INSERT INTO jobs (job_id, job_title, min_salary, max_salary)
VALUES('IT_MANG','IT Manager',7000,10000);
INSERT INTO jobs (job_id, job_title, min_salary, max_salary)
VALUES('AC_MGR','Accounting Manager',8200,16000);
INSERT INTO jobs (job_id, job_title, min_salary, max_salary)
VALUES('OP_MAN','Operations Manager',6200,9000);
INSERT INTO jobs (job_id, job_title, min_salary, max_salary)
VALUES('LO_MAN','Loan  Manager',10000,20100);
INSERT INTO jobs (job_id, job_title, min_salary, max_salary)
VALUES('HD_TEL','Head Teller',8000,16000);
INSERT INTO jobs (job_id, job_title, min_salary, max_salary)
VALUES('CU_TEL','Teller',4000,6000);
INSERT INTO jobs (job_id, job_title, min_salary, max_salary)
VALUES('PROG','Programmer',6500,9500);

--
-- Data for table location
--
INSERT INTO location(location_id, city, state, zip_code, country_name) VALUES 
(17093,'Boston','MA',17456,'USA'),
(10001,'San Francisco','CA',94354,'USA'),
(13417,'Detroit','MI',12345,'USA'),
(46312,'South San Francisco','CA',42312,'USA'),
(56567,'Sacramento','CA',94347,'USA'),
(60064,'Chicago','IL',6234,'USA'),
(60185,'West Chicago','IL',6235,'USA');

--
-- Data for table branch
--
INSERT INTO branch 
 (branch_id, branch_name, address, loc_id)
VALUES 
(1111, 'Headquarter', '154 W 29th St, Fl 2nd', 10001),
(2221, 'Saint Marks Branch', '2 Saint Marks Place.', 10001),
(3331, 'Madison  Branch', 'Madison Avenue and East 30s', 10001),
(4441, '36 Branch', '36 West 33rd Street', 10001),
(5551, 'New York Branch', '85 E 4th St', 17093),
(6661, 'San Francisco Branch', '600 Embarcadero St @ Brannan', 10001),
(7771, 'Howard Branch', '1069 Howard Street', 60064),
(8881, 'Broadway Branch', '435 Broadway', 60064),
(9991, 'Market Branch', '3425 Market Street', 46312),
(1616, 'Montgomery Branch', '235 Montgomery Street', 13417),
(1212, 'Chicago Branch', '322 E. Illinois Street', 13417),
(1313, 'Michigan Branch', '505 North Michigan Avenu', 60064),
(1414, 'Jackson Branch', '7 W Jackson Blvd, Room 2115', 60064),
(1515, 'Chestnut Branch', '126 E. Chestnut St.', 60185),
(1717, 'Madison Branch', '1020 W Madison St', 56567),
(1818, 'Franklin Branch', '31 N. Franklin St.', 17093);

--
-- Data for table employee
--
INSERT INTO employee 
 (emp_id, first_name, last_name, start_date, manager_id, dept_id, job_id, branch_id)
VALUES 
(218803412, 'Michael', 'Smith', '2010-06-22',NULL,  234, 'AD_PRES', 1111),
(122212562, 'Susan', 'Barker', '2010-09-12', 218803412, 234, 'AD_VP', 1111),
(225748882, 'Alexander', 'Peter', '2010-07-03',122212562 , 334, 'IT_MANG', 1111),
(190538847, 'Robert', 'Tyler', '2010-02-09',218803412, 234, 'AC_MGR', 1111),
(216317586, 'Susan', 'Hawthorne', '2010-04-24', 190538847, 543, 'OP_MAN', 1111),
(538682222, 'John', 'Gooding', '1999-11-14', 216317586, 254, 'LO_MAN', 1111),
(538682223, 'John', 'Smith', '2011-11-11', 216317586, 254, 'LO_MAN', 1111),
(184167702, 'Helen', 'Fleming', '2011-03-17', 216317586, 543, 'HD_TEL', 1111),
(215201502, 'Chris', 'Tucker', '2011-09-15',184167702 , 543, 'CU_TEL', 1111),
(220826782, 'Sarah', 'Parker', '2011-12-02', 184167702, 543, 'CU_TEL', 1111),
(227948102, 'Jane', 'Grossman', '2012-05-03',184167702 , 543, 'CU_TEL', 1111),
(227948882, 'Ellen', 'Abel', '2011-07-03',225748882, 334, 'PROG', 1111),
(216317598, 'Kenneth', 'Martin', '2011-04-24', NULL, 234, 'OP_MAN', 2221),
(184167713, 'Allen', 'Kevin', '2011-05-17', 216317598, 543, 'HD_TEL', 2221),
(215201514, 'Cynthia', 'Ward', '2011-09-15',184167713 , 543, 'CU_TEL', 2221),
(220826781, 'Terry', 'Jones', '2011-11-03', 184167713, 543, 'CU_TEL', 2221),
(227948103, 'Marion', 'Blake', '2011-05-03',184167713 , 543, 'CU_TEL', 2221),
(227967930, 'Paula', 'Roberts', '2012-07-27', 216317598, 543, 'AC_MGR', 2221),
(230034070, 'Thomas', 'Ziegler', '2013-10-23', 227967930, 543, 'CU_TEL', 2221),
(231934675, 'Samantha', 'Jameson', '2013-01-08', 227967930, 543, 'CU_TEL', 2221),
(216317777, 'Thomas', 'Hardy', '1996-05-24', NULL, 234, 'OP_MAN', 3331),
(234562223, 'Antonio', 'Morenol', '2010-11-11', 216317777, 234, 'AC_MGR', 3331),
(216317786, 'Maria', 'Anders', '2010-04-24', 234562223, 543, 'OP_MAN', 3331),
(233755101, 'Christina', 'Berglund', '2011-05-11', 234562223, 543, 'HD_TEL', 3331),
(236780948, 'Hanna', 'Moos', '2012-08-10', 233755101, 543, 'CU_TEL', 3331),
(236927642, 'Victoria', 'Ashworthn', '2011-04-05', 233755101, 543, 'CU_TEL', 3331),
(216317554, 'Patricio', 'Simpson', '2011-04-24', NULL, 234, 'OP_MAN', 4441),
(234562356, 'Elizabeth', 'Brown', '2011-11-11', 216317554, 234, 'AC_MGR', 4441),
(216317552, 'Diego', 'Roel', '2010-11-24', 234562356, 543, 'OP_MAN', 4441),
(236956114, 'Peter', 'Franken', '2011-05-15', 216317552, 543, 'HD_TEL', 4441),
(238267737, 'Carine', 'FSchmitt', '2011-06-29', 236956114, 543, 'CU_TEL', 4441),
(239961844, 'Yoshi', 'Latimer', '2012-11-12', 236956114, 543, 'CU_TEL', 4441),
(216317878, 'Micheal', 'Couch', '2012-07-20', NULL, 234, 'OP_MAN', 5551),
(276562223, 'Eren', 'Battle', '2012-10-11', 216317878, 234, 'AC_MGR', 5551),
(216315586, 'Livia', 'Hall', '2011-04-24',  216317878, 543, 'LO_MAN', 5551),
(233755222, 'Alexie', 'Berglund', '2012-06-11', 216315586, 543, 'HD_TEL', 5551),
(236345948, 'Hanna', 'Ahmed', '2010-08-11', 233755222, 543, 'CU_TEL', 5551),
(236912342, 'Berti', 'Shaw', '2011-04-05', 233755222, 543, 'CU_TEL', 5551),
(216388554, 'Patricio', 'Simpson', '2011-04-24', NULL, 234, 'OP_MAN', 6661),
(234564456, 'Elizabeth', 'Brown', '2011-11-11', 216388554, 234, 'AC_MGR', 6661),
(216317555, 'Diego', 'Roel', '2012-11-24', 234564456, 543, 'OP_MAN', 6661),
(236956804, 'Peter', 'Franken', '2011-05-15', 216317555, 543, 'HD_TEL', 6661),
(238267721, 'Carine', 'FSchmitt', '2010-06-29', 236956804, 543, 'CU_TEL', 6661),
(239961855, 'Yoshi', 'Latimer', '2010-11-12', 236956804, 543, 'CU_TEL', 6661),
(216318876, 'Faizan', 'Murphy', '2010-05-24', NULL, 234, 'OP_MAN', 7771),
(234564454, 'Chace', 'Spence', '2013-10-11', 216318876, 234, 'AC_MGR', 7771),
(216344586, 'Allen', 'Amin', '2013-05-24', 234564454, 543, 'OP_MAN', 7771),
(244755112, 'Eilish', 'Reid', '2013-09-11', 234562223, 543, 'HD_TEL', 7771),
(235580948, 'Vladimir', 'Escobar', '2013-08-10', 244755112, 543, 'CU_TEL', 7771),
(235527642, 'Korey', 'Abbott', '2013-05-05', 244755112, 543, 'CU_TEL', 7771),
(216777554, 'Steve', 'Monaghan', '2011-04-24', NULL, 234, 'OP_MAN', 8881),
(232224456, 'Lianne', 'Wrightn', '2011-11-11', 216777554, 234, 'AC_MGR', 8881),
(216354555, 'Samah', 'Rasmussen', '2011-11-24', 232224456, 543, 'OP_MAN', 8881),
(236345804, 'Jed', 'Ramsey', '2010-05-15', 216354555, 543, 'HD_TEL', 8881),
(238226737, 'Terry', 'Bates', '2011-06-29',236345804, 543, 'CU_TEL', 8881),
(239877844, 'Wesley', 'Rahman', '2011-11-12', 236345804, 543, 'CU_TEL', 8881),
(218887777, 'Matti', 'Karttunen', '2012-01-24', NULL, 234, 'OP_MAN', 9991),
(238892223, 'Paula', 'Parente', '2013-10-11', 218887777, 234, 'AC_MGR', 9991),
(214487586, 'Pirkko', 'Koskitalo', '2013-04-14', 238892223, 543, 'OP_MAN', 9991),
(233345101, 'Angel', 'Ibsen', '2013-05-11', 214487586, 543, 'HD_TEL', 9991),
(236670948, 'Janete ', 'Limeira', '2011-09-10', 233345101, 543, 'CU_TEL', 9991),
(233247642, 'Paula', 'Wilson', '2011-08-05', 233345101, 543, 'CU_TEL', 9991),
(216328754, 'Daniel', 'Tonini', '2011-04-24', NULL, 234, 'OP_MAN',1616),
(234522356, 'John', 'Steel', '2011-11-11', 216328754, 234, 'AC_MGR', 1616),
(216317655, 'Fran', 'Rovelli', '2010-11-24', 234522356, 543, 'OP_MAN', 1616),
(236959804, 'iovanni', 'Franken', '2010-05-15', 216317555, 543, 'HD_TEL', 1616),
(238269087, 'Catherine', 'Dewey', '2010-06-29', 236959804, 543, 'CU_TEL', 1616),
(239969084, 'Patricia ', 'Cramer', '1999-11-12', 236959804, 543, 'CU_TEL', 1616),
(216317997, 'Simon', 'Crowther', '2011-05-24', NULL, 234, 'OP_MAN', 1212),
(234562993, 'Gene', 'Irving ', '1999-11-11', 216317997, 234, 'AC_MGR', 1212),
(216317996, 'Randy', 'Clarke', '2010-04-24', 234562993, 543, 'OP_MAN', 1212),
(233755991, 'Zackary', 'Fuller', '1999-05-11', 216317996, 543, 'HD_TEL', 1212),
(236799948, 'Yousaf ', 'Cobb', '2010-08-10', 233755991, 543, 'CU_TEL', 1212),
(236999642, 'Kya', 'Cruz', '2010-04-05', 233755991, 543, 'CU_TEL', 1212),
(216444554, 'Adil', 'Fischer', '2011-03-24', NULL, 234, 'OP_MAN', 1313),
(234999456, 'Alexande', 'Kelly', '2012-02-11', 216444554, 234, 'AC_MGR', 1313),
(216388855, 'Sufyan', 'Stevenson', '2012-01-24', 234999456, 543, 'OP_MAN', 1313),
(236666804, 'Jadon', 'Mullen', '2011-09-15', 216388855, 543, 'HD_TEL', 1313),
(238234737, 'Umer', 'Whitmore', '2011-11-29', 236666804, 543, 'CU_TEL', 1313),
(239911144, 'Georgie', 'Sanchez', '2011-10-12', 236666804, 543, 'CU_TEL', 1313),
(216123777, 'Edison', 'Herbert', '2010-05-24', NULL, 234, 'OP_MAN', 1414),
(231232223, 'Ted', 'Rooney', '2010-11-11', 216123777, 234, 'AC_MGR', 1414),
(216123586, 'Emil', 'Kline', '2010-04-24', 231232223, 543, 'OP_MAN', 1414),
(231235101, 'Tommie', 'Dougherty', '2011-05-11', 216123586, 543, 'HD_TEL', 1414),
(231230948, 'Shelly ', 'Cannon', '2012-08-10', 231235101, 543, 'CU_TEL', 1414),
(236123642, 'Joel', 'Franks', '2011-04-05', 231235101, 543, 'CU_TEL', 1414),
(214567554, 'Gregory', 'Webb', '2011-05-24', NULL, 234, 'OP_MAN', 1515),
(233454456, 'Caspian', 'Wells', '2012-10-11', 214567554, 234, 'AC_MGR', 1515),
(216456555, 'Avneet', 'Andersen', '2014-11-24', 233454456, 543, 'OP_MAN', 1515),
(236456804, 'Clay ', 'May', '2011-05-15', 216456555, 543, 'HD_TEL', 1515),
(238345737, 'Aamir', 'Head', '2011-04-29', 236456804, 543, 'CU_TEL', 1515),
(239978944, 'Toby', 'Oliver', '2011-10-12', 236456804, 543, 'CU_TEL', 1515),
(216317432, 'Samuel', 'Ellis', '2017-03-22', NULL, 234, 'OP_MAN', 1616),
(234564543, 'Kaisha', 'Talley', '2015-10-11', 216317432, 234, 'AC_MGR', 1616),
(216313332, 'Varun', 'Sanchez', '2006-10-24', 234564543, 543, 'OP_MAN', 1616),
(236956432, 'Oliver', 'Paine', '2011-03-15', 216313332, 543, 'HD_TEL', 1616),
(238267432, 'Zayne', 'Bennett', '2012-04-29', 236956432, 543, 'CU_TEL', 1616),
(239961532, 'Robert', 'Penn', '2013-10-12', 236956432, 543, 'CU_TEL', 1616),
(216317321, 'Maxim', 'Benitez', '2015-05-24', NULL, 234, 'OP_MAN', 1717),
(234564322, 'James', 'Shelton', '2006-10-11', 216317554, 234, 'AC_MGR', 1717),
(216317324, 'Filip', 'Gates', '2017-10-24', 234564456, 543, 'OP_MAN', 1717),
(236956332, 'Zain ', 'Mays', '2011-05-15', 216317555, 543, 'HD_TEL', 1717),
(238267332, 'Kai', 'Smart', '2011-06-20', 236956804, 543, 'CU_TEL', 1717),
(239961224, 'Sonny', 'Ford', '2011-11-10', 236956804, 543, 'CU_TEL', 1717);

--
-- Data for table category
--
INSERT INTO category
 (category_id, category_name)
VALUES 
('Account','Individual and Business Accounts'),
('Loan','Individual and Business Loans');

--
-- Data for table account_type
--
INSERT INTO account_type 
 (type_id, account_name, category_id, date_offered)
VALUES 
('CHK','checking account','Account','2011-01-01'),
('SAV','savings account','Account','2011-01-01'),
('MM','money market account','Account','2011-01-01'),
('CD','certificate of deposit','Account','2011-01-01'),
('MRT','home mortgage','Loan','2011-01-01'),
('AUT','auto loan','Loan','2011-01-01'),
('BUS','business line of credit','Loan','2011-01-01'),
('SBL','small business loan','Loan','2011-01-01');

--
-- Data for table clients
--
INSERT INTO clients
 (client_id, fed_id, client_type_id, address, loc_id, phone_number)
VALUES 
(1888, '111-11-1111', 'I', '47 Mockingbird Ln', 10001,'321-950-4635'),
(2343, '222-22-2222', 'I', '372 Clearwater Blvd', 10001,'234-962-9001'),
(5346, '555-55-5555', 'I', '333 Harrison Street', 10001, '582-222-2136'),
(6347, '666-66-6666', 'I', '34 Church Street', 10001, '582-842-8213'),
(8349, '888-88-8888', 'I', '234 Harrison Street', 10001,'505-644-6236'),
(3344, '333-33-3333', 'I', '18 Jessup Rd', 60185, '442-483-6298'),
(1346, '111-55-5555', 'I', '400 S Lynn White Dr', 60185, '229-752-2231'),
(4345, '444-44-4444', 'I', '12 Buchanan Ln', 13417,'313-580-7870'),
(7348, '777-77-7777', 'I', '4565 20th Street', 46312,' 582-322-6537'),
(93411, '999-99-9999', 'I', '60 Pearl Street', 56567,'582-333-8239'),
(2347, '222-66-6666', 'I', '200 N Columbus Dr', 17093,'239-232-3086'),
(3348, '333-77-7777', 'I', '53 S Columbus Dr', 60064,'352-992-7917'),
(4349, '222-88-8888', 'I', '2220 W Chicago Ave', 60064,'541-407-6893'),
(53411, '222-99-9999', 'I', '524 N Clark St', 60064,'417-207-7919'),
(4696, '111-11-2222', 'I', '1550 N. Kingsbury', 10001,'505-644-3817'),
(7855, '222-22-3333', 'I', '28 Folsom Street', 10001,'304-425-8149'),
(1651, '555-55-6666', 'I', '622 Embarcadero St', 10001,'582-322-9650'),
(6387, '666-66-7777', 'I', '2552 N Clark Street', 10001,'208-674-0483'),
(8789, '888-88-5555', 'I', '19 N. Milwaukee Ave.', 10001,'334-744-5514'),
(3231, '333-33-9999', 'I', '32 West 45th Street', 60185,'216-549-0548'),
(2469, '111-55-2222', 'I', '88 Valencia Street', 60185,'208-408-2857'),
(6043, '444-44-2222', 'I', '904 S. Lake Park Avenue', 13417,'582-203-5273'),
(6539, '777-77-3333', 'I', '123 East 15 Street', 46312,'239-347-1900'),
(9372, '999-99-4444', 'I', '118 North Clark Street', 56567,'217-657-3873'),
(1514, '222-66-5555', 'I', '450 Park Avenue South', 17093,'216-254-8365'),
(4797, '333-77-6666', 'I', '53 S Columbus Dr', 60064,'223-447-8730'),
(7612, '222-88-7777', 'I', '19 West 40th Street', 60064,'326-336-4296'),
(8778, '222-99-8888', 'I', '12 Michigan Ave. & Roosevelt Road', 60064,''),
(1562, '04-1111111', 'B', '74th & Mission Streets', 10001,'307-458-2229'),
(2563, '04-2222222', 'B', '581 Webster St', 10001,'419-653-7310'),
(3564, '04-3333333', 'B', '2140 Union St', 10001,'414-893-1069'),
(4565, '04-4444444', 'B', 'West 38th Street', 17093,'351-445-7934'),
(3562, '05-5555555', 'B', '7 Industrial Way', 56567,'240-944-5475'),
(3563, '05-6666666', 'B', '1334 N Lincoln Ave', 60064,'208-896-1452'),
(3566, '05-7777777', 'B', '2741 West Montrose', 60064,'640-480-3955'), 
(3567, '05-8888888', 'B', '2651 W. Peterson', 60185,'248-317-0745'),
(8182, '02-1111111', 'B', '845 United Nations Plaza (1st Avenue) & 48th Street', 10001,'505-644-6262'),
(8289, '02-2222222', 'B', '10 W. Chicago Ave.', 10001,'505-326-9062'),
(1635, '02-3333333', 'B', '18 Madison Ave at 34th St.', 10001,'582-400-0141'),
(5615, '02-4444444', 'B', '836 West Wellington Avenue', 17093,'205-710-7721'),
(3221, '03-5555555', 'B', '181 West Madison Street', 56567,'321-530-3439'),
(5274, '03-6666666', 'B', '1334 N Lincoln Ave', 60064,'309-685-3435'),
(2703, '03-7777777', 'B', '44 West 36th Street', 60064,'203-478-2081'), 
(2630, '03-8888888', 'B', '5333 North Sheridan Road', 60185,'409-917-1367');

--
-- Data for table individual_client 
--
INSERT INTO individual_client 
 (client_id, first_name, last_name, birth_date) VALUES
(1888, 'Nolan', 'Corbett', '1977-04-22'),
(2343, 'Eric', 'Barrow', '1973-08-15'),
(3344, 'Jason', 'Evansr', '1965-02-06' ),
(4345, 'Arnold', 'Cross', '1971-12-22'),
(5346, 'Ismae', 'Howell', '1976-08-25'),
(6347, 'Cory', 'Field', '1967-09-14'),
(7348, 'Dani', 'Leonard', '1951-03-19'),
(8789, 'Maryam', 'Blake', '1982-07-01'), 
(93411, 'Richard', 'Gentry', '1973-06-16'),
(1346, 'Giulia', 'Spencer', '1967-09-14'),
(2347, 'Margaret', 'Young', '1951-03-19'),
(3348, 'George', 'Major', '1982-07-01'), 
(4349, 'Reya', 'Swanson', '1973-06-16'),
(53411, 'Richard', 'Adele', '1973-06-16'),
(4696, 'Casey', 'Makhi', '1977-05-22'),
(7855, 'Nicholas', 'Aldo', '1973-07-15'),
(1651, 'Joe', 'Evansr', '1965-03-06' ),
(6387, 'Zaid', 'Cross', '1973-10-22'),
(8349, 'Cole ', 'Howell', '1976-09-25'),
(3231, 'Cory', 'Goodwin', '1967-12-14'),
(2469, 'Kyan', 'Rubio', '1951-04-19'),
(6043, 'Danny', 'Fleming', '1983-07-01'), 
(6539, 'Jan ', 'Vincent', '1973-07-15'),
(9372, 'Izabelle', 'Rollins', '1967-05-15'),
(1514, 'Smith', 'Nolan', '1957-04-19'),
(4797, 'Jason', 'Chen', '1989-07-02'), 
(7612, 'Billy ', 'Harmon', '1975-07-16'),
(8778, 'Richard', 'Toby', '1976-05-16');


--
-- Data for table business_client 
--
INSERT INTO business_client  
 (client_id,  bus_name, state_id, start_date) VALUES
(1562, 'Primary Engineering g', '12-345-678', '1995-05-01'),
(2563, 'Northeast Cooling Inc.', '23-456-789', '2011-01-01'),
(3564, 'Super Auto Body', '34-567-890', '2012-06-30'),
(4565, 'AAA Insurance Inc.', '45-678-901', '1999-05-01'),
(3562, 'Supreme Engineering', '12-345-678', '1996-06-01'),
(3563, 'Computer Buy Inc.', '23-456-789', '2012-01-01'),
(3566, 'Recover Auto Body', '34-567-890', '2012-06-30'),
(3567, 'Compass Mortgage.', '45-678-901', '1999-05-01'),
(8182, 'Platinum Engineering', '13-345-678', '1996-06-01'),
(8289, 'Safety Systems', '24-456-789', '2012-02-02'),
(1635, 'Trusted Transport', '35-567-890', '2013-06-12'),
(5615, 'Safe  Insurance Inc.', '67-678-901', '1999-07-02'),
(3221, 'Engineering Design Co', '14-345-678', '1996-08-02'),
(5274, 'One Stop Shop Computers', '25-456-789', '2015-07-05'),
(2703, 'Software Warehouse', '45-567-890', '2012-06-30'),
(2630, 'Mega Computers', '67-678-901', '1999-05-01');

--
-- Data for table agent
--
INSERT INTO agent
(agent_id, client_id, first_name, last_name, title) VALUES
(1919, 1562, 'Jason', 'Chen', 'President'),
(2919, 2563, 'Jeffrey', 'Norton', 'President'),
(3919, 3564, 'Cindy', 'Parks', 'President'),
(4919, 4565, 'German', 'Lang', 'President');

--
-- Data for table accounts
--
INSERT INTO  accounts (account_id, type_id, client_id, created,close_date,
  last_activity_date, a_status, branch_id,
  open_emp_id, avail_balance, pending_balance) 
  VALUES
(233355103, 'SAV',1651 ,'2015-07-30' ,NULL ,'2015-06-30', 'ACTIVE' ,1111 , 184167702 ,1500.00 ,1500.00 ),
(233355234, 'CD',1651 ,'2006-03-30' ,NULL ,'2018-06-30', 'ACTIVE' ,2221 ,184167713 ,1500.00 ,1500.00 ),
(233777234, 'SAV',1888 ,'2015-03-30' ,NULL ,'2019-06-30', 'ACTIVE' ,3331 ,233755101 ,1500.00 ,1500.00 ),
(233778884, 'CD',2343 ,'2015-03-30' ,NULL ,'2019-06-30' , 'ACTIVE' ,4441 ,239961844 ,1500.00 ,1500.00 ),
(241155451, 'SBL', 4696 ,'2015-12-23' ,NULL ,'2018-12-17', 'ACTIVE' ,6661 ,238267721 ,50000.00 ,50000.00 ),
(243355451, 'SBL',8789 ,'2015-03-12' ,NULL ,'2018-12-17', 'ACTIVE' ,1111 ,227948102 ,50000.00 ,50000.00 ),
(244454636, 'CHK', 4345  ,'2015-01-15', NULL ,'2018-01-04' , 'ACTIVE',1212 ,233755991  ,1057.75 ,1057.75 ),
(244455451, 'SBL' ,6043  ,'2015-02-22' ,NULL ,'2018-12-17', 'ACTIVE' ,1616 ,236959804 ,50000.00 ,50000.00 ),
(244456093, 'SAV',4345 ,'2015-01-15' ,NULL ,'2018-12-19', 'ACTIVE',1212 ,236799948 ,500.00 , 500.00),
(244457125, 'CD' ,1514,'2014-08-30' ,NULL ,'2018-06-30', 'ACTIVE' , 5551 , 236912342 ,3000.00 ,3000.00 ),
(244457867, 'CHK',2347 ,'2006-03-12' ,NULL , '2019-12-27', 'ACTIVE' ,5551 ,  236345948 ,2258.02 ,2258.02 ),
(244459245, 'CHK',6539 ,'2017-11-23' ,NULL ,'2019-11-30', 'ACTIVE' ,9991 , 236670948,1057.75 ,1057.75 ),
(244459330, 'MM' ,7348 ,'2014-12-15' ,NULL ,'2017-12-05', 'ACTIVE' ,9991 ,233247642 ,2212.50 ,2212.50 ),
(244462213, 'CHK',93411  ,'2015-09-12' ,NULL ,'2019-01-03', 'ACTIVE' ,1717 ,238267332 ,534.12 ,534.12 ),
( 244463194, 'SAV',9372  ,'2015-01-15' ,NULL ,'2019-10-24', 'ACTIVE' ,1717 ,239961224 ,767.77 ,767.77 ),
(244463358, 'CHK',9372  ,'2014-01-27' , NULL ,'2015-01-05', 'ACTIVE' ,1717 ,239961224 ,2237.97 ,2897.97 ),
(244466770, 'CHK',9372 ,'2015-08-24' ,NULL ,'2014-11-29', 'ACTIVE' ,1717 ,238267332 ,122.37 ,122.37 ),
(244468276, 'CD' ,93411  ,'2014-12-28' ,NULL ,'2014-12-28', 'ACTIVE' ,1717 ,238267332 ,10000.00 ,10000.00 ),
(244472540, 'CD' ,3348 ,'2014-01-12' ,NULL  ,'2014-01-12' , 'ACTIVE',1313 ,  238234737  ,5000.00 ,5000.00 ),
(244476237, 'CHK' ,4349 ,'2015-05-23' ,NULL ,'2019-01-03' , 'ACTIVE' ,1313 ,  238234737  ,3487.19 ,3487.19 ),
(244477695, 'SAV',4797 ,'2015-05-23' ,NULL ,'2019-10-12' , 'ACTIVE' ,1414 ,239911144 ,387.99 ,387.99 ),
(244482380, 'CHK',7612 ,'2014-07-30' ,NULL ,'2014-12-15' , 'ACTIVE' ,1414 ,231230948  ,125.67 ,125.67 ),
(244482964, 'MM' ,8778 ,'2014-10-28' ,NULL ,'2014-10-28' , 'ACTIVE' ,7771 ,236123642  ,9345.55 ,9845.55 ),
(244484103, 'SAV',8778 , '2014-06-30' ,NULL ,'2014-06-30' , 'ACTIVE' ,8881 ,239877844  ,1500.00 ,1500.00 ),
(244487802, 'BUS',2630  ,'2014-03-22' ,NULL ,'2014-11-14' , 'ACTIVE' ,1515 ,238345737 ,9345.55 ,9345.55 ),
(244488575, 'CHK',1346 ,'2006-07-30' ,NULL ,'2014-12-15' , 'ACTIVE' ,1515 ,238345737, 38552.05 ,38552.05 ),
(244490451, 'SBL',1346 ,'2014-02-22' ,NULL ,'2014-12-17' , 'ACTIVE' ,1515 ,238345737 , 50000.00 ,50000.00 ),
(244490593, 'CHK',2469 ,'2015-03-12' ,NULL ,'2019-12-27' , 'ACTIVE' ,1515,238345737 ,2258.02 , 2258.02 ),
(244490646, 'SAV',3231 ,'2015-01-15' ,NULL ,'2019-10-24' , 'ACTIVE' ,1515 ,239978944 ,767.77 ,767.77 ),
(244522777, 'CHK',3344 ,'2014-09-30' ,NULL ,'2014-12-15' , 'ACTIVE',1515 ,239978944 ,23575.12 ,23575.12 ),
(244524021, 'BUS',2630 ,'2014-10-01' ,NULL ,'2014-08-28' , 'ACTIVE' ,1515 ,239978944 ,0.00 ,0.00 ),
(244555103, 'CHK', 3567 ,'2015-06-30' ,NULL ,'2014-06-30' , 'ACTIVE' ,1515 ,238345737 ,1500.00 ,1500.00 ),
(233344102, 'SAV',1651 ,'2015-08-30' ,NULL ,'2014-08-30', 'ACTIVE' ,1111 , 227948102 ,3600.00 ,3600.00 ),
(244777103, 'CHK', 3567 ,'2015-09-30' ,NULL ,'2015-07-30' , 'ACTIVE' ,1515 ,239978944 ,45000.00 ,45000.00 ),
(239898103, 'SAV', 2347 ,'2016-07-30' ,NULL ,'2015-07-30', 'ACTIVE' ,5551 , 236345948 ,6500.00 ,6500.00 ),
(244555432, 'CHK', 93411 ,'2014-06-30' ,NULL ,'2015-06-30' , 'ACTIVE' ,1717 ,238267332 ,11200.00 ,11200.00 ),
(233358765, 'SAV',6347 ,'2015-09-28' ,NULL ,'2013-09-30', 'ACTIVE' ,1111 , 215201502 ,18000.00 ,18000.00 ),
(244566666, 'CHK', 4349 ,'2015-06-25' ,NULL ,'2014-07-13' , 'ACTIVE' ,1313 ,234999456 ,5500.00 ,5500.00 ),
(233357979, 'SAV',4349 ,'2016-07-30' ,NULL ,'2013-06-30', 'ACTIVE' ,8881 , 238226737 ,10500.00 ,10500.00 ),
(24454848, 'CHK', 4349 ,'2016-07-30' ,NULL ,'2013-06-30' , 'ACTIVE' ,1414 ,231230948 ,8900.00 ,8900.00 );

--
-- Data for table account_trans
--
INSERT INTO account_trans (trans_id, trans_date, account_id, trans_type,amount, teller_id, branch_id, avail_date) VALUES
(288730 ,'2018-01-09', 244454636, 'DBT',100.00 ,236799948 , 1212 ,'2018-01-14'),
(288731 , '2014-01-05', 244457867, 'DBT',1000.00 ,236345948,5551 ,'2014-01-07' ),
(288732 , '2018-01-06', 244462213, 'DBT',3000.00 ,239961224,1717 ,'2018-01-07'),
(288733 , '2014-10-04', 244463358, 'DBT',100.00 ,234564322 ,1717,'2014-10-05'),
(288734 , '2018-05-05', 244463194, 'DBT',100.00 ,234564322 ,1717 ,'2018-05-07'),
(288735 , '2017-01-05', 244454636, 'DBT',100.00 , 236799948 ,1212 ,'2017-01-05' ),
(288736 , '2017-01-05', 244555103, 'DBT',100.00 ,239978944 ,1515 ,'2017-01-07' ),
(288737 , '2018-01-05', 244522777, 'DBT',100.00 ,239978944 ,1515,'2018-01-08'),
(288738 , '2015-02-05', 244482380, 'DBT',200.00 ,231230948 ,1414 ,'2018-02-05'),
(288739 , '2018-02-05', 244476237, 'DBT',200.00 ,238234737,1313 ,'2018-02-05'),
(288740 , '2018-01-05', 244466770, 'DBT',300.00 ,239961224,1717 ,'2018-01-06'),
(288888 , '2018-03-05', 244777103, 'DBT',1200.00 ,236456804,1515 ,'2018-03-06'),
(288979 , '2018-03-05', 244555103, 'DBT',3000.00 ,239978944,1515 ,'2018-03-06'),
(288741 , '2018-11-25', 244454636, 'DBT',1000.00 ,236799948 , 1212 ,'2018-11-27'),
(288742 , '2014-11-15', 244457867, 'DBT',2000.00 ,236345948,5551 ,'2014-11-17' ),
(288743 , '2018-11-16', 244462213, 'DBT',4000.00 ,239961224,1717 ,'2018-11-17'),
(288778 , '2014-10-14', 244463358, 'DBT',500.00 ,234564322 ,1717,'2014-10-15'),
(288744 , '2018-11-15', 244463194, 'DBT',500.00 ,234564322 ,1717 ,'2018-11-17'),
(288745 , '2017-11-15', 244454636, 'DBT',500.00 , 236799948 ,1212 ,'2017-11-15' ),
(288746 , '2017-11-15', 244555103, 'DBT',500.00 ,239978944 ,1515 ,'2017-11-17' ),
(288747 , '2018-11-15', 244522777, 'DBT',1000.00 ,239978944 ,1515,'2018-11-18'),
(288748 , '2015-12-15', 244482380, 'DBT',2000.00 ,231230948 ,1414 ,'2018-12-15'),
(288749 , '2018-12-15', 244476237, 'DBT',2000.00 ,238234737,1313 ,'2018-12-15'),
(288750 , '2018-11-15', 244466770, 'DBT',3000.00 ,239961224,1717 ,'2018-11-16'),
(288868 , '2018-11-15', 244777103, 'DBT',2200.00 ,236456804,1515 ,'2018-11-16'),
(288959 , '2018-11-15', 244555103, 'DBT',3200.00 ,239978944,1515 ,'2018-11-16');